{"cameraMode":{"drawMode":0,"name":"Shaded","section":"Shading Mode"},"sceneLighting":true,"audioPlay":false,"sceneViewState":{"showFog":false,"showMaterialUpdate":false,"showSkybox":false,"showFlares":false,"showImageEffects":false,"showParticleSystems":false},"in2DMode":false,"pivot":{"x":55.197052001953128,"y":35.597572326660159,"z":81.65777587890625},"rotation":{"x":0.105085089802742,"y":-0.23311279714107514,"z":0.02534753456711769,"w":0.9664228558540344},"size":329.1653747558594,"orthographic":false}